{
    "0": {
        "project_name": "mango",
        "task": "coconut",
        "mon": "64",
        "tue": "0",
        "wed": "6",
        "thur": "5",
        "fri": "0",
        "sat": "6",
        "sun": "6"
    },
    "4": {
        "project_name": "coconut",
        "task": "",
        "mon": "110",
        "tue": 0,
        "wed": 0,
        "thur": 0,
        "fri": 0,
        "sat": "69",
        "sun": 0
    },
    "5": {
        "project_name": "",
        "task": "",
        "mon": "45",
        "tue": 0,
        "wed": 0,
        "thur": 0,
        "fri": "4",
        "sat": 0,
        "sun": 0
    },
    "6": {
        "project_name": "",
        "task": "",
        "mon": 0,
        "tue": 12,
        "wed": 0,
        "thur": 0,
        "fri": 0,
        "sat": 12,
        "sun": 0
    }
}